sequence,source_file,label
GLLSGILGAGKKIVCGLSGLC,apd3.csv,1
KWKSFIKKLTSAAKKVVTTAKPLISS,apd3.csv,1
FLPIIAGIAAKFLPKIF,apd3.csv,1
RWRWRW,apd3.csv,1
KRIVQRIKDFLRNLVPRTES,camp4.csv,1
KLAKLAKKLAKLAK,camp4.csv,1
VNWKKILGKIIKVVK,camp4.csv,1
FFHHIFRGIVHVGKTIHRLVTG,camp4.csv,1
RWKIFKKIEKMGRNIR,dbaasp.csv,1
INLKALAALAKKIL,dbaasp.csv,1
KLLKLLKKLLKLLK,dbaasp.csv,1
GLFDIVKKVVGALGSL,dramp.csv,1
KWCFRVCYRGICYRRCR,dramp.csv,1
GIGKFLHSAKKFGKAFVGEIMNS,dramp.csv,1
KWKLFKKILKFLHSAKKF,dramp.csv,1
FLPLIGRVLSGIL,dramp.csv,1
