sequence,source_file,label,source_class,toxicity_label,length,collagen_motif_score,collagen_gxy_frame,glycine_frame_fraction,gxy_triplet_fraction,xy_proline_fraction,glycine_fraction,proline_fraction
GLLSGILGAGKKIVCGLSGLC,apd3.csv,1,amp,0,21,0.45714285714285713,0,0.5714285714285714,0.5714285714285714,0.0,0.2857142857142857,0.0
KWKSFIKKLTSAAKKVVTTAKPLISS,apd3.csv,1,amp,0,26,0.0125,1,0.0,0.0,0.0625,0.0,0.038461538461538464
FLPIIAGIAAKFLPKIF,apd3.csv,1,amp,1,17,0.17833333333333334,0,0.16666666666666666,0.2,0.2,0.058823529411764705,0.11764705882352941
RWRWRW,apd3.csv,1,amp,0,6,0.0,0,0.0,0.0,0.0,0.0,0.0
KRIVQRIKDFLRNLVPRTES,camp4.csv,1,amp,0,20,0.016666666666666666,1,0.0,0.0,0.08333333333333333,0.0,0.05
KLAKLAKKLAKLAK,camp4.csv,1,amp,0,14,0.0,0,0.0,0.0,0.0,0.0,0.0
VNWKKILGKIIKVVK,camp4.csv,1,amp,0,15,0.1675,1,0.2,0.25,0.0,0.06666666666666667,0.0
FFHHIFRGIVHVGKTIHRLVTG,camp4.csv,1,amp,0,22,0.18392857142857144,0,0.25,0.14285714285714285,0.0,0.13636363636363635,0.0
RWKIFKKIEKMGRNIR,dbaasp.csv,1,amp,0,16,0.1675,2,0.2,0.25,0.0,0.0625,0.0
INLKALAALAKKIL,dbaasp.csv,1,amp,1,14,0.0,0,0.0,0.0,0.0,0.0,0.0
KLLKLLKKLLKLLK,dbaasp.csv,1,amp,0,14,0.0,0,0.0,0.0,0.0,0.0,0.0
GLFDIVKKVVGALGSL,dramp.csv,1,amp,0,16,0.32,1,0.4,0.4,0.0,0.1875,0.0
KWCFRVCYRGICYRRCR,dramp.csv,1,amp,1,17,0.13833333333333334,0,0.16666666666666666,0.2,0.0,0.058823529411764705,0.0
GIGKFLHSAKKFGKAFVGEIMNS,dramp.csv,1,amp,0,23,0.22857142857142856,2,0.2857142857142857,0.2857142857142857,0.0,0.17391304347826086,0.0
KWKLFKKILKFLHSAKKF,dramp.csv,1,amp,0,18,0.0,0,0.0,0.0,0.0,0.0,0.0
FLPLIGRVLSGIL,dramp.csv,1,amp,0,13,0.225,1,0.25,0.25,0.125,0.15384615384615385,0.07692307692307693
KSLDWQRFKIVLRKGKARLQIWTRGK,composition_decoy,0,composition_decoy,0,26,0.1,2,0.125,0.125,0.0,0.07692307692307693,0.0
AFLPWIIKGFKGLKSLI,composition_decoy,0,composition_decoy,0,17,0.34,2,0.4,0.4,0.1,0.11764705882352941,0.058823529411764705
RKILFGARLLRKLFELK,composition_decoy,0,composition_decoy,0,17,0.16,2,0.2,0.2,0.0,0.058823529411764705,0.0
LRLKKIAKGKSGAHILKRLKRFA,composition_decoy,0,composition_decoy,1,23,0.22857142857142856,2,0.2857142857142857,0.2857142857142857,0.0,0.08695652173913043,0.0
NKFKFLKIILICFWVLHWRNKHDVKG,composition_decoy,0,composition_decoy,0,26,0.07222222222222222,1,0.1111111111111111,0.0,0.0,0.038461538461538464,0.0
ILFSQNKLLLCKAKIFELFVLILAVK,composition_decoy,0,composition_decoy,0,26,0.0,0,0.0,0.0,0.0,0.0,0.0
CKKVLKHIKKARTFKELHLNRE,composition_decoy,0,composition_decoy,0,22,0.0,0,0.0,0.0,0.0,0.0,0.0
VGAKISRIVIKGVFAKY,composition_decoy,0,composition_decoy,0,17,0.16,2,0.2,0.2,0.0,0.11764705882352941,0.0
PTTKIRLIDPHVGFSFF,composition_decoy,0,composition_decoy,0,17,0.13833333333333334,0,0.16666666666666666,0.2,0.0,0.058823529411764705,0.11764705882352941
LTGIRWKFAGFLFKLLGR,composition_decoy,0,composition_decoy,0,18,0.13833333333333334,2,0.16666666666666666,0.2,0.0,0.16666666666666666,0.0
PFFVKIKLVIVAKLEFKWLVR,composition_decoy,0,composition_decoy,0,21,0.0,0,0.0,0.0,0.0,0.0,0.047619047619047616
KRAESRGKLSLKIKLS,composition_decoy,0,composition_decoy,0,16,0.13833333333333334,0,0.16666666666666666,0.2,0.0,0.0625,0.0
GGPREALFRIFVFIFEAAFA,composition_decoy,0,composition_decoy,0,20,0.13452380952380952,0,0.14285714285714285,0.16666666666666666,0.08333333333333333,0.1,0.05
LLKIKTSAFGGLKAIKDSAVDS,composition_decoy,0,composition_decoy,0,22,0.11428571428571428,1,0.14285714285714285,0.14285714285714285,0.0,0.09090909090909091,0.0
WRRLRFKKSKKLHFKKG,composition_decoy,0,composition_decoy,1,17,0.10833333333333334,1,0.16666666666666666,0.0,0.0,0.058823529411764705,0.0
IIIILIVVKIKSLRKLIN,composition_decoy,0,composition_decoy,0,18,0.0,0,0.0,0.0,0.0,0.0,0.0
LSFLDNCVFVRLRRVGLDLFK,composition_decoy,0,composition_decoy,0,21,0.11428571428571428,0,0.14285714285714285,0.14285714285714285,0.0,0.047619047619047616,0.0
LKKRRK,composition_decoy,0,composition_decoy,0,6,0.0,0,0.0,0.0,0.0,0.0,0.0
VFFCLK,composition_decoy,0,composition_decoy,0,6,0.0,0,0.0,0.0,0.0,0.0,0.0
RLIVQHIIFFVKIN,composition_decoy,0,composition_decoy,0,14,0.0,0,0.0,0.0,0.0,0.0,0.0
VRKIWNVFSLFLLAKRI,composition_decoy,0,composition_decoy,0,17,0.0,0,0.0,0.0,0.0,0.0,0.0
KKIVREYTHSEYLLCT,composition_decoy,0,composition_decoy,0,16,0.0,0,0.0,0.0,0.0,0.0,0.0
GFRGVLAAALRGSARVRLSAGFK,composition_decoy,0,composition_decoy,0,23,0.22857142857142856,2,0.2857142857142857,0.2857142857142857,0.0,0.17391304347826086,0.0
PLSFNGHMWLALATMFCGWKR,composition_decoy,0,composition_decoy,0,21,0.2357142857142857,2,0.2857142857142857,0.3333333333333333,0.0,0.09523809523809523,0.047619047619047616
LFVILLLVFKKKFFHIKLLK,composition_decoy,0,composition_decoy,0,20,0.0,0,0.0,0.0,0.0,0.0,0.0
KGLIAKKGLLLLLI,composition_decoy,0,composition_decoy,0,14,0.335,1,0.4,0.5,0.0,0.14285714285714285,0.0
KKLIKP,composition_decoy,0,composition_decoy,0,6,0.05,0,0.0,0.0,0.25,0.0,0.16666666666666666
TVKKRISKECSAHIFIP,composition_decoy,0,composition_decoy,0,17,0.020000000000000004,2,0.0,0.0,0.1,0.0,0.058823529411764705
RSIFLFIVYRILLKLAGK,composition_decoy,0,composition_decoy,0,18,0.10833333333333334,1,0.16666666666666666,0.0,0.0,0.05555555555555555,0.0
FFSWKSYFKKCPKKFFVAGIK,composition_decoy,0,composition_decoy,0,21,0.1285714285714286,0,0.14285714285714285,0.14285714285714285,0.07142857142857142,0.047619047619047616,0.047619047619047616
KCGSLLLQAIKIS,composition_decoy,0,composition_decoy,0,13,0.2125,2,0.25,0.3333333333333333,0.0,0.07692307692307693,0.0
KRSKVLSIKKEKVL,composition_decoy,0,composition_decoy,0,14,0.0,0,0.0,0.0,0.0,0.0,0.0
IGAVKILAHLLWLKQ,composition_decoy,0,composition_decoy,0,15,0.1675,1,0.2,0.25,0.0,0.06666666666666667,0.0
VNWRSENKKLWWINPIF,composition_decoy,0,composition_decoy,0,17,0.020000000000000004,0,0.0,0.0,0.1,0.0,0.058823529411764705
RKWKWKRCKRVRAIAELMRS,composition_decoy,0,composition_decoy,0,20,0.0,0,0.0,0.0,0.0,0.0,0.0
PRAGLSAKLAKTLGSISILKH,composition_decoy,0,composition_decoy,0,21,0.11785714285714285,1,0.14285714285714285,0.16666666666666666,0.0,0.09523809523809523,0.047619047619047616
GCINRYIKFLYLLKVK,composition_decoy,0,composition_decoy,0,16,0.13833333333333334,0,0.16666666666666666,0.2,0.0,0.0625,0.0
FIAGAKLIKWPKITGIVK,composition_decoy,0,composition_decoy,0,18,0.15833333333333335,2,0.16666666666666666,0.2,0.1,0.1111111111111111,0.05555555555555555
LLIGIFTHKRRKK,composition_decoy,0,composition_decoy,0,13,0.1675,0,0.2,0.25,0.0,0.07692307692307693,0.0
YLRVRGKDLVKKAWEA,composition_decoy,0,composition_decoy,0,16,0.1675,2,0.2,0.25,0.0,0.0625,0.0
AKKIAEKALGIKKAESAKKIK,composition_decoy,0,composition_decoy,0,21,0.11428571428571428,0,0.14285714285714285,0.14285714285714285,0.0,0.047619047619047616,0.0
RSHIGK,composition_decoy,0,composition_decoy,0,6,0.325,1,0.5,0.0,0.0,0.16666666666666666,0.0
GIVAKMFAFVAGAELGLLSASLF,composition_decoy,0,composition_decoy,0,23,0.20535714285714285,0,0.25,0.2857142857142857,0.0,0.13043478260869565,0.0
RSGVKLWIRIRLGK,composition_decoy,0,composition_decoy,0,14,0.2,2,0.25,0.25,0.0,0.14285714285714285,0.0
CAIAFNMPITLFFL,composition_decoy,0,composition_decoy,1,14,0.025,0,0.0,0.0,0.125,0.0,0.07142857142857142
FKYAAYLFVTKLHA,composition_decoy,0,composition_decoy,1,14,0.0,0,0.0,0.0,0.0,0.0,0.0
ILSALGTGLKKLNLQWKKARKK,composition_decoy,0,composition_decoy,0,22,0.11785714285714285,2,0.14285714285714285,0.16666666666666666,0.0,0.09090909090909091,0.0
DTKLFWFGSVGKNT,composition_decoy,0,composition_decoy,0,14,0.335,1,0.4,0.5,0.0,0.14285714285714285,0.0
KPNRLEVSRDGPAW,composition_decoy,0,composition_decoy,0,14,0.1925,1,0.2,0.25,0.125,0.07142857142857142,0.14285714285714285
INTKILLKLVKGIKF,composition_decoy,0,composition_decoy,0,15,0.1675,2,0.2,0.25,0.0,0.06666666666666667,0.0
LIVGDPTHGGKKGA,composition_decoy,0,composition_decoy,0,14,0.49000000000000005,0,0.6,0.5,0.125,0.2857142857142857,0.07142857142857142
KWLKEGIRTVWWVCFIK,composition_decoy,0,composition_decoy,0,17,0.16,2,0.2,0.2,0.0,0.058823529411764705,0.0
SLKFGFSLNIIKQRG,composition_decoy,0,composition_decoy,0,15,0.1675,1,0.2,0.25,0.0,0.13333333333333333,0.0
VFTDHSFKKGMSTIKGGFVTRKKKKK,composition_decoy,0,composition_decoy,1,26,0.18194444444444444,0,0.2222222222222222,0.25,0.0,0.11538461538461539,0.0
FVKVFKGGAFVILK,composition_decoy,0,composition_decoy,0,14,0.1675,0,0.2,0.25,0.0,0.14285714285714285,0.0
KKGWRPKFVIAIRLPRG,composition_decoy,0,composition_decoy,0,17,0.16,2,0.2,0.2,0.0,0.11764705882352941,0.11764705882352941
KLAYHA,composition_decoy,0,composition_decoy,0,6,0.0,0,0.0,0.0,0.0,0.0,0.0
KFFLKVINKLLKVIFLSA,composition_decoy,0,composition_decoy,0,18,0.0,0,0.0,0.0,0.0,0.0,0.0
TPYKLIVIPKKNK,composition_decoy,0,composition_decoy,0,13,0.05,0,0.0,0.0,0.25,0.0,0.15384615384615385
VKLIKKFCLLLAIGRSGLFHFH,composition_decoy,0,composition_decoy,0,22,0.22857142857142856,1,0.2857142857142857,0.2857142857142857,0.0,0.09090909090909091,0.0
VGKLVLGLIWKLAKTLKVSI,composition_decoy,0,composition_decoy,0,20,0.11785714285714285,0,0.14285714285714285,0.16666666666666666,0.0,0.1,0.0
KKLIGVVSWPRQKK,composition_decoy,0,composition_decoy,0,14,0.1925,1,0.2,0.25,0.125,0.07142857142857142,0.07142857142857142
LIGLKGRSFAIRSFRE,composition_decoy,0,composition_decoy,0,16,0.335,2,0.4,0.5,0.0,0.125,0.0
KYGFKL,composition_decoy,0,composition_decoy,0,6,0.475,2,0.5,1.0,0.0,0.16666666666666666,0.0
WCFRHTLESFKKKLLYYK,composition_decoy,0,composition_decoy,0,18,0.0,0,0.0,0.0,0.0,0.0,0.0
DNWIKKALIRSRKIPRKT,composition_decoy,0,composition_decoy,0,18,0.020000000000000004,1,0.0,0.0,0.1,0.0,0.05555555555555555
TDFKAAAKRALRFFSRKRDK,composition_decoy,0,composition_decoy,0,20,0.0,0,0.0,0.0,0.0,0.0,0.0
PGPKPKIGGPFCFFRKY,composition_decoy,0,composition_decoy,0,17,0.3166666666666667,1,0.3333333333333333,0.4,0.2,0.17647058823529413,0.23529411764705882
LKKTWSGGLINLKRMAALKGKQR,composition_decoy,0,composition_decoy,0,23,0.20535714285714285,1,0.25,0.2857142857142857,0.0,0.13043478260869565,0.0
KKHKIKLAAGTLFTKKV,composition_decoy,0,composition_decoy,0,17,0.13833333333333334,0,0.16666666666666666,0.2,0.0,0.058823529411764705,0.0
GLGLGDGKFFSIIAIHLGTVDE,composition_decoy,0,composition_decoy,0,22,0.2357142857142857,2,0.2857142857142857,0.3333333333333333,0.0,0.22727272727272727,0.0
ELFSPRKYAKIVLRFWKKWIK,composition_decoy,0,composition_decoy,0,21,0.016666666666666666,2,0.0,0.0,0.08333333333333333,0.0,0.047619047619047616
FIGESLIKKLVVKIKLK,composition_decoy,0,composition_decoy,0,17,0.16,2,0.2,0.2,0.0,0.058823529411764705,0.0
LKIIIDFNKGKPGR,composition_decoy,0,composition_decoy,0,14,0.3225,0,0.4,0.25,0.125,0.14285714285714285,0.07142857142857142
LLAVKVLAALKAP,composition_decoy,0,composition_decoy,1,13,0.025,1,0.0,0.0,0.125,0.0,0.07692307692307693
SKKARITILHFRKKWWSG,composition_decoy,0,composition_decoy,0,18,0.10833333333333334,2,0.16666666666666666,0.0,0.0,0.05555555555555555,0.0
TIDRKKWLKIKFRSIITA,composition_decoy,0,composition_decoy,0,18,0.0,0,0.0,0.0,0.0,0.0,0.0
KKLFLILAKKGFGI,composition_decoy,0,composition_decoy,0,14,0.1675,1,0.2,0.25,0.0,0.14285714285714285,0.0
VKRWCLSLKKAKYVAMI,composition_decoy,0,composition_decoy,0,17,0.0,0,0.0,0.0,0.0,0.0,0.0
VAVSFASFKVLKKAWIGIWDSMSWSV,composition_decoy,0,composition_decoy,0,26,0.09097222222222222,1,0.1111111111111111,0.125,0.0,0.038461538461538464,0.0
