sequence,length,net_charge,hydrophobic_fraction,molecular_weight,cysteine_count,repeat_fraction,aromatic_fraction,proline_fraction,glycine_fraction,arginine_fraction,lysine_fraction,positive_fraction,negative_fraction,polar_fraction,charge_density,sequence_entropy,longest_run_fraction,dipeptide_repeat_fraction,tripeptide_repeat_fraction,collagen_motif_score,collagen_gxy_frame,glycine_frame_fraction,gxy_triplet_fraction,xy_proline_fraction,amp_probability,toxicity_probability,max_similarity_to_collagen_window,rule_pass,passed_filter
FNTRGC,6,1.0,0.16666666666666666,696.785,1,0.16666666666666666,0.16666666666666666,0.0,0.16666666666666666,0.16666666666666666,0.0,0.16666666666666666,0.0,0.3333333333333333,0.16666666666666666,0.5981040045018438,0.16666666666666666,0.2,0.25,0.325,1,0.5,0.0,0.0,0.47415339946746826,0.4479411244392395,0.3333333333333333,False,False
ILISPGAFPMTTEFL,15,-1.0,0.5333333333333333,1636.9399999999998,0,0.13333333333333333,0.13333333333333333,0.13333333333333333,0.06666666666666667,0.0,0.0,0.0,0.06666666666666667,0.2,-0.06666666666666667,0.7497172229160602,0.13333333333333333,0.07142857142857142,0.07692307692307693,0.1925,2,0.2,0.25,0.125,0.49659866094589233,0.4388861656188965,0.2,False,False
QGKYTVEERNRP,12,1.0,0.16666666666666666,1476.615,0,0.16666666666666666,0.08333333333333333,0.08333333333333333,0.08333333333333333,0.16666666666666666,0.08333333333333333,0.25,0.16666666666666666,0.25,0.08333333333333333,0.7523561466083498,0.16666666666666666,0.09090909090909091,0.1,0.2125,1,0.25,0.3333333333333333,0.0,0.4846726059913635,0.4101870656013489,0.25,False,False
ENAKHRHLQQFFMQLKFVM,19,4.0,0.47368421052631576,2432.9,0,0.15789473684210525,0.15789473684210525,0.0,0.0,0.05263157894736842,0.10526315789473684,0.2631578947368421,0.05263157894736842,0.21052631578947367,0.21052631578947367,0.7696473275174619,0.10526315789473684,0.05555555555555555,0.058823529411764705,0.0,0,0.0,0.0,0.0,0.46518993377685547,0.4345617890357971,0.10526315789473684,True,False
DMRWLYAFFTAFTWHGVPGV,20,1.0,0.6,2401.7650000000003,0,0.15,0.3,0.05,0.1,0.05,0.0,0.1,0.05,0.1,0.05,0.8293020247188077,0.1,0.10526315789473684,0.05555555555555555,0.22738095238095238,0,0.2857142857142857,0.16666666666666666,0.08333333333333333,0.48695260286331177,0.43013322353363037,0.25,True,False
IHDMMPDAIPQKNM,14,0.0,0.42857142857142855,1640.945,0,0.21428571428571427,0.0,0.14285714285714285,0.0,0.0,0.07142857142857142,0.14285714285714285,0.14285714285714285,0.14285714285714285,0.0,0.7031927892317877,0.14285714285714285,0.07692307692307693,0.08333333333333333,0.05,1,0.0,0.0,0.25,0.5086266398429871,0.44519492983818054,0.14285714285714285,False,False
SRHTFTILCFANMNKLFTYHPDYVS,25,3.0,0.44,3006.43,1,0.12,0.2,0.04,0.0,0.04,0.04,0.16,0.04,0.28,0.12,0.8939216721749593,0.04,0.08333333333333333,0.043478260869565216,0.0125,0,0.0,0.0,0.0625,0.46834081411361694,0.42732349038124084,0.10344827586206896,True,False
RDDTIEWVKMFCRLLCFREHA,21,1.0,0.42857142857142855,2669.12,2,0.14285714285714285,0.14285714285714285,0.0,0.0,0.14285714285714285,0.047619047619047616,0.23809523809523808,0.19047619047619047,0.047619047619047616,0.047619047619047616,0.8537170566452258,0.09523809523809523,0.05,0.05263157894736842,0.0,0,0.0,0.0,0.0,0.4599471390247345,0.42889729142189026,0.14285714285714285,False,False
KYFWELKCWWQGTLV,15,1.0,0.5333333333333333,1987.3599999999997,1,0.2,0.3333333333333333,0.0,0.06666666666666667,0.0,0.13333333333333333,0.13333333333333333,0.06666666666666667,0.13333333333333333,0.06666666666666667,0.7689233499115469,0.13333333333333333,0.07142857142857142,0.07692307692307693,0.1675,2,0.2,0.25,0.0,0.4740418791770935,0.4277496039867401,0.13333333333333333,True,False
DLYVETLECWQAMQHECY,18,-3.0,0.4444444444444444,2261.535,2,0.16666666666666666,0.16666666666666666,0.0,0.0,0.0,0.0,0.05555555555555555,0.2222222222222222,0.16666666666666666,-0.16666666666666666,0.8008740692159102,0.05555555555555555,0.11764705882352941,0.0625,0.0,0,0.0,0.0,0.0,0.4981490671634674,0.43321630358695984,0.1724137931034483,False,False
KNTIEMHCKTWLMSE,15,1.0,0.3333333333333333,1851.19,1,0.13333333333333333,0.06666666666666667,0.0,0.0,0.0,0.13333333333333333,0.2,0.13333333333333333,0.26666666666666666,0.06666666666666667,0.7805676513373614,0.06666666666666667,0.07142857142857142,0.07692307692307693,0.0,0,0.0,0.0,0.0,0.4566601812839508,0.4322066307067871,0.13333333333333333,True,False
QIFNNFNAF,9,0.0,0.5555555555555556,1114.2199999999998,0,0.3333333333333333,0.3333333333333333,0.0,0.0,0.0,0.0,0.0,0.0,0.4444444444444444,0.0,0.48896772178944614,0.2222222222222222,0.25,0.14285714285714285,0.0,0,0.0,0.0,0.0,0.4919857978820801,0.4628835916519165,0.1111111111111111,False,False
ELQSGAAVIH,10,0.0,0.5,1024.135,0,0.2,0.0,0.0,0.1,0.0,0.0,0.1,0.1,0.2,0.0,0.722346144208289,0.2,0.1111111111111111,0.125,0.26666666666666666,1,0.3333333333333333,0.3333333333333333,0.0,0.49573490023612976,0.45356452465057373,0.2,False,False
SAMDPKN,7,0.0,0.2857142857142857,761.84,0,0.14285714285714285,0.0,0.14285714285714285,0.0,0.0,0.14285714285714285,0.14285714285714285,0.14285714285714285,0.2857142857142857,0.0,0.6495607655709436,0.14285714285714285,0.16666666666666666,0.2,0.1,2,0.0,0.0,0.5,0.507652997970581,0.43062567710876465,0.2857142857142857,False,False
KHKVTLSRIMYRVGLN,16,5.0,0.4375,1915.3250000000003,0,0.125,0.0625,0.0,0.0625,0.125,0.125,0.3125,0.0,0.1875,0.3125,0.8098237460591571,0.0625,0.06666666666666667,0.07142857142857142,0.16,1,0.2,0.2,0.0,0.4392867684364319,0.4164954125881195,0.1875,True,False
RARIADTDQTHGPFLI,16,1.0,0.375,1811.005,0,0.125,0.0625,0.0625,0.0625,0.125,0.0,0.1875,0.125,0.1875,0.0625,0.7809014694141871,0.0625,0.06666666666666667,0.07142857142857142,0.1925,2,0.2,0.25,0.125,0.4878232181072235,0.42021429538726807,0.125,True,False
NITAQCSHEWWEEEDSG,17,-4.0,0.23529411764705882,2021.0600000000002,1,0.23529411764705882,0.11764705882352941,0.0,0.058823529411764705,0.0,0.0,0.058823529411764705,0.29411764705882354,0.29411764705882354,-0.23529411764705882,0.7824240510408801,0.17647058823529413,0.125,0.06666666666666667,0.10833333333333334,1,0.16666666666666666,0.0,0.0,0.5000396370887756,0.422465056180954,0.23529411764705882,False,False
LEFRLFLECLMQK,13,0.0,0.5384615384615384,1670.05,1,0.3076923076923077,0.15384615384615385,0.0,0.0,0.07692307692307693,0.07692307692307693,0.15384615384615385,0.15384615384615385,0.07692307692307693,0.0,0.6426212408183418,0.07692307692307693,0.16666666666666666,0.09090909090909091,0.0,0,0.0,0.0,0.0,0.4671455919742584,0.43130314350128174,0.07692307692307693,False,False
ATDDYMPINLMGF,13,-2.0,0.5384615384615384,1487.6899999999998,0,0.15384615384615385,0.15384615384615385,0.07692307692307693,0.07692307692307693,0.0,0.0,0.0,0.15384615384615385,0.15384615384615385,-0.15384615384615385,0.7850078335320398,0.15384615384615385,0.08333333333333333,0.09090909090909091,0.19583333333333333,2,0.25,0.0,0.16666666666666666,0.5064482688903809,0.43719950318336487,0.07692307692307693,False,False
YLHPFFTNEHFPSV,14,1.0,0.42857142857142855,1734.925,0,0.21428571428571427,0.2857142857142857,0.14285714285714285,0.0,0.0,0.0,0.14285714285714285,0.07142857142857142,0.21428571428571427,0.07142857142857142,0.7362468196831818,0.14285714285714285,0.07692307692307693,0.08333333333333333,0.05,1,0.0,0.0,0.25,0.49498993158340454,0.4318154752254486,0.21428571428571427,True,False
YGSQRTECALVNDDVVMMWIHVNMMFLNF,29,-1.0,0.5517241379310345,3465.06,1,0.13793103448275862,0.13793103448275862,0.0,0.034482758620689655,0.034482758620689655,0.0,0.06896551724137931,0.10344827586206896,0.20689655172413793,-0.034482758620689655,0.9105655117497569,0.06896551724137931,0.07142857142857142,0.037037037037037035,0.08166666666666667,1,0.1,0.1111111111111111,0.0,0.4830724895000458,0.44363218545913696,0.10344827586206896,False,False
KGGCEKY,7,1.0,0.14285714285714285,783.91,1,0.2857142857142857,0.14285714285714285,0.0,0.2857142857142857,0.0,0.2857142857142857,0.2857142857142857,0.14285714285714285,0.0,0.14285714285714285,0.5173446437653667,0.2857142857142857,0.16666666666666666,0.2,0.475,2,0.5,1.0,0.0,0.4821995794773102,0.41535016894340515,0.2857142857142857,False,False
FLPYWEPFEMNYFYARIEIREVY,23,-2.0,0.6086956521739131,3076.49,0,0.17391304347826086,0.34782608695652173,0.08695652173913043,0.0,0.08695652173913043,0.0,0.08695652173913043,0.17391304347826086,0.043478260869565216,-0.08695652173913043,0.7775015927907647,0.043478260869565216,0.045454545454545456,0.047619047619047616,0.02857142857142857,1,0.0,0.0,0.14285714285714285,0.48880958557128906,0.4291413128376007,0.13043478260869565,False,False
DTWENPYRQERSM,13,-1.0,0.23076923076923078,1711.82,0,0.15384615384615385,0.15384615384615385,0.07692307692307693,0.0,0.15384615384615385,0.0,0.15384615384615385,0.23076923076923078,0.3076923076923077,-0.07692307692307693,0.7850078335320398,0.07692307692307693,0.08333333333333333,0.09090909090909091,0.025,0,0.0,0.0,0.125,0.4906121492385864,0.4139748811721802,0.23076923076923078,False,False
YGNRWTQNVECAACQS,16,0.0,0.3125,1829.995,2,0.125,0.125,0.0,0.0625,0.0625,0.0,0.0625,0.0625,0.375,0.0,0.8098237460591571,0.125,0.06666666666666667,0.07142857142857142,0.16,1,0.2,0.2,0.0,0.48213040828704834,0.43280673027038574,0.125,False,False
QCVTAFADQDDKEGFKTTTHVSSV,24,-1.0,0.2916666666666667,2614.825,1,0.16666666666666666,0.08333333333333333,0.0,0.041666666666666664,0.0,0.08333333333333333,0.125,0.16666666666666666,0.3333333333333333,-0.041666666666666664,0.7956453231160215,0.125,0.08695652173913043,0.045454545454545456,0.10267857142857142,1,0.125,0.14285714285714285,0.0,0.49174538254737854,0.42838895320892334,0.125,False,False
KMFMEHHGQI,10,2.0,0.4,1257.5049999999999,0,0.2,0.1,0.0,0.1,0.0,0.1,0.3,0.1,0.1,0.2,0.6760705015763371,0.2,0.1111111111111111,0.125,0.26666666666666666,1,0.3333333333333333,0.3333333333333333,0.0,0.47801584005355835,0.43414923548698425,0.2,True,True
KEEFPIRIKGNGIGVFDFYGEHAGP,25,0.0,0.36,2778.1099999999997,0,0.2,0.16,0.08,0.2,0.04,0.08,0.16,0.16,0.04,0.0,0.797996633636155,0.08,0.041666666666666664,0.043478260869565216,0.21250000000000002,1,0.25,0.25,0.0625,0.4901992380619049,0.41397592425346375,0.2,False,False
CPIATLY,7,0.0,0.5714285714285714,779.9399999999999,1,0.14285714285714285,0.14285714285714285,0.14285714285714285,0.0,0.0,0.0,0.0,0.0,0.14285714285714285,0.0,0.6495607655709436,0.14285714285714285,0.16666666666666666,0.2,0.05,0,0.0,0.0,0.25,0.4974963366985321,0.4446234405040741,0.2857142857142857,False,False
VYEAQAYGNVWPIFNNAYHNWKQFN,25,1.0,0.52,3074.37,0,0.2,0.28,0.04,0.04,0.0,0.04,0.08,0.04,0.28,0.04,0.8049832144916438,0.08,0.08333333333333333,0.043478260869565216,0.1125,1,0.125,0.125,0.0625,0.49173808097839355,0.4310885965824127,0.16,True,False
KMISVRVQKYDTCSSMSWSENDMVCNK,27,1.0,0.3333333333333333,3170.6600000000003,2,0.18518518518518517,0.07407407407407407,0.0,0.0,0.037037037037037035,0.1111111111111111,0.14814814814814814,0.1111111111111111,0.3333333333333333,0.037037037037037035,0.8270285121951529,0.07407407407407407,0.038461538461538464,0.04,0.0,0,0.0,0.0,0.0,0.4591379463672638,0.4219696521759033,0.07407407407407407,False,False
IMTKWLWAPQYQMM,14,1.0,0.6428571428571429,1827.2549999999999,0,0.21428571428571427,0.21428571428571427,0.07142857142857142,0.0,0.0,0.07142857142857142,0.07142857142857142,0.0,0.21428571428571427,0.07142857142857142,0.7362468196831818,0.14285714285714285,0.07692307692307693,0.08333333333333333,0.025,0,0.0,0.0,0.125,0.4861241579055786,0.44351279735565186,0.14285714285714285,True,False
VGVSCSPR,8,1.0,0.25,803.935,1,0.25,0.0,0.125,0.125,0.125,0.0,0.125,0.0,0.25,0.125,0.5784455328993979,0.125,0.14285714285714285,0.16666666666666666,0.3416666666666667,1,0.3333333333333333,0.5,0.25,0.4940682649612427,0.44332969188690186,0.25,False,False
PFASFDS,7,-1.0,0.42857142857142855,769.79,0,0.2857142857142857,0.2857142857142857,0.14285714285714285,0.0,0.0,0.0,0.0,0.14285714285714285,0.2857142857142857,-0.14285714285714285,0.5173446437653667,0.14285714285714285,0.16666666666666666,0.2,0.0,0,0.0,0.0,0.0,0.5046968460083008,0.44153913855552673,0.2857142857142857,False,False
FRGVRDTAAQ,10,1.0,0.4,1120.225,0,0.2,0.1,0.0,0.1,0.2,0.0,0.2,0.1,0.2,0.1,0.6760705015763371,0.2,0.1111111111111111,0.125,0.2916666666666667,2,0.3333333333333333,0.5,0.0,0.48480841517448425,0.44029828906059265,0.2,True,True
QDGKHWFPRTMTSDIYHIYKW,21,3.0,0.38095238095238093,2710.06,0,0.09523809523809523,0.23809523809523808,0.047619047619047616,0.047619047619047616,0.047619047619047616,0.09523809523809523,0.23809523809523808,0.09523809523809523,0.19047619047619047,0.14285714285714285,0.8620344148065218,0.047619047619047616,0.1,0.05263157894736842,0.13452380952380952,2,0.14285714285714285,0.16666666666666666,0.08333333333333333,0.4743274450302124,0.40388479828834534,0.09523809523809523,True,False
TQPFIT,6,0.0,0.3333333333333333,705.805,0,0.3333333333333333,0.16666666666666666,0.16666666666666666,0.0,0.0,0.0,0.0,0.0,0.5,0.0,0.5209779334485907,0.16666666666666666,0.2,0.25,0.1,1,0.0,0.0,0.5,0.5089575052261353,0.45493489503860474,0.3333333333333333,False,False
YKEHNDFKIINRGMHPMIWL,20,3.0,0.45,2542.995,0,0.15,0.15,0.05,0.05,0.05,0.1,0.25,0.1,0.1,0.15,0.8524398460347836,0.1,0.05263157894736842,0.05555555555555555,0.11785714285714285,0,0.14285714285714285,0.16666666666666666,0.0,0.4699855148792267,0.4185202121734619,0.1,True,False
FSSWCEKEHEKATASCGHSKASMFTME,27,1.0,0.2962962962962963,3050.4,2,0.18518518518518517,0.1111111111111111,0.0,0.037037037037037035,0.0,0.1111111111111111,0.18518518518518517,0.14814814814814814,0.25925925925925924,0.037037037037037035,0.764941060939936,0.07407407407407407,0.07692307692307693,0.04,0.09097222222222222,1,0.1111111111111111,0.125,0.0,0.46808966994285583,0.42701661586761475,0.1111111111111111,False,False
PYHYAHSWCRIGFIETAHKNHLHVTCEQDR,30,5.0,0.3333333333333333,3650.0750000000003,2,0.16666666666666666,0.13333333333333333,0.03333333333333333,0.03333333333333333,0.06666666666666667,0.03333333333333333,0.26666666666666666,0.1,0.16666666666666666,0.16666666666666666,0.9378304830943576,0.03333333333333333,0.06896551724137931,0.03571428571428571,0.08166666666666667,2,0.1,0.1111111111111111,0.0,0.4749701917171478,0.41684409976005554,0.06666666666666667,False,False
