sequence,length,net_charge,hydrophobic_fraction,molecular_weight,cysteine_count,repeat_fraction,aromatic_fraction,proline_fraction,glycine_fraction,arginine_fraction,lysine_fraction,positive_fraction,negative_fraction,polar_fraction,charge_density,sequence_entropy,longest_run_fraction,dipeptide_repeat_fraction,tripeptide_repeat_fraction,collagen_motif_score,collagen_gxy_frame,glycine_frame_fraction,gxy_triplet_fraction,xy_proline_fraction,amp_probability,toxicity_probability,max_similarity_to_collagen_window,rule_pass,passed_filter,final_score,max_similarity_to_selected
KMFMEHHGQI,10,2.0,0.4,1257.505,0,0.2,0.1,0.0,0.1,0.0,0.1,0.3,0.1,0.1,0.2,0.6760705015763371,0.2,0.1111111111111111,0.125,0.2666666666666666,1,0.3333333333333333,0.3333333333333333,0.0,0.4780158400535583,0.4341492354869842,0.2,True,True,-0.06700234041505489,0.0
FRGVRDTAAQ,10,1.0,0.4,1120.225,0,0.2,0.1,0.0,0.1,0.2,0.0,0.2,0.1,0.2,0.1,0.6760705015763371,0.2,0.1111111111111111,0.125,0.2916666666666667,2,0.3333333333333333,0.5,0.0,0.4848084151744842,0.4402982890605926,0.2,True,True,-0.11385474983745249,0.0
SRHTFTILCFANMNKLFTYHPDYVS,25,3.0,0.44,3006.43,1,0.12,0.2,0.04,0.0,0.04,0.04,0.16,0.04,0.28,0.12,0.8939216721749593,0.04,0.0833333333333333,0.0434782608695652,0.0125,0,0.0,0.0,0.0625,0.4683408141136169,0.4273234903812408,0.1034482758620689,True,False,0.06372040869569479,0.04
YGSQRTECALVNDDVVMMWIHVNMMFLNF,29,-1.0,0.5517241379310345,3465.06,1,0.1379310344827586,0.1379310344827586,0.0,0.0344827586206896,0.0344827586206896,0.0,0.0689655172413793,0.1034482758620689,0.2068965517241379,-0.0344827586206896,0.9105655117497568,0.0689655172413793,0.0714285714285714,0.037037037037037,0.0816666666666666,1,0.1,0.1111111111111111,0.0,0.4830724895000458,0.4436321854591369,0.1034482758620689,False,False,0.05401342603616558,0.06896551724137931
QDGKHWFPRTMTSDIYHIYKW,21,3.0,0.3809523809523809,2710.06,0,0.0952380952380952,0.238095238095238,0.0476190476190476,0.0476190476190476,0.0476190476190476,0.0952380952380952,0.238095238095238,0.0952380952380952,0.1904761904761904,0.1428571428571428,0.8620344148065218,0.0476190476190476,0.1,0.0526315789473684,0.1345238095238095,2,0.1428571428571428,0.1666666666666666,0.0833333333333333,0.4743274450302124,0.4038847982883453,0.0952380952380952,True,False,0.04722758300061111,0.047619047619047616
YKEHNDFKIINRGMHPMIWL,20,3.0,0.45,2542.995,0,0.15,0.15,0.05,0.05,0.05,0.1,0.25,0.1,0.1,0.15,0.8524398460347836,0.1,0.0526315789473684,0.0555555555555555,0.1178571428571428,0,0.1428571428571428,0.1666666666666666,0.0,0.4699855148792267,0.4185202121734619,0.1,True,False,0.03819668459594261,0.10344827586206896
ATDDYMPINLMGF,13,-2.0,0.5384615384615384,1487.6899999999998,0,0.1538461538461538,0.1538461538461538,0.0769230769230769,0.0769230769230769,0.0,0.0,0.0,0.1538461538461538,0.1538461538461538,-0.1538461538461538,0.7850078335320398,0.1538461538461538,0.0833333333333333,0.0909090909090909,0.1958333333333333,2,0.25,0.0,0.1666666666666666,0.5064482688903809,0.4371995031833648,0.0769230769230769,False,False,0.032933872178616805,0.047619047619047616
DMRWLYAFFTAFTWHGVPGV,20,1.0,0.6,2401.7650000000003,0,0.15,0.3,0.05,0.1,0.05,0.0,0.1,0.05,0.1,0.05,0.8293020247188077,0.1,0.1052631578947368,0.0555555555555555,0.2273809523809523,0,0.2857142857142857,0.1666666666666666,0.0833333333333333,0.4869526028633117,0.4301332235336303,0.25,True,False,0.027778835305253907,0.05
VYEAQAYGNVWPIFNNAYHNWKQFN,25,1.0,0.52,3074.37,0,0.2,0.28,0.04,0.04,0.0,0.04,0.08,0.04,0.28,0.04,0.8049832144916438,0.08,0.0833333333333333,0.0434782608695652,0.1125,1,0.125,0.125,0.0625,0.4917380809783935,0.4310885965824127,0.16,True,False,0.02305366270680384,0.04
ILISPGAFPMTTEFL,15,-1.0,0.5333333333333333,1636.9399999999998,0,0.1333333333333333,0.1333333333333333,0.1333333333333333,0.0666666666666666,0.0,0.0,0.0,0.0666666666666666,0.2,-0.0666666666666666,0.7497172229160602,0.1333333333333333,0.0714285714285714,0.0769230769230769,0.1925,2,0.2,0.25,0.125,0.4965986609458923,0.4388861656188965,0.2,False,False,0.02125037337103261,0.1
FLPYWEPFEMNYFYARIEIREVY,23,-2.0,0.6086956521739131,3076.49,0,0.1739130434782608,0.3478260869565217,0.0869565217391304,0.0,0.0869565217391304,0.0,0.0869565217391304,0.1739130434782608,0.0434782608695652,-0.0869565217391304,0.7775015927907647,0.0434782608695652,0.0454545454545454,0.0476190476190476,0.0285714285714285,1,0.0,0.0,0.1428571428571428,0.488809585571289,0.4291413128376007,0.1304347826086956,False,False,0.002392391365915514,0.13043478260869565
DLYVETLECWQAMQHECY,18,-3.0,0.4444444444444444,2261.535,2,0.1666666666666666,0.1666666666666666,0.0,0.0,0.0,0.0,0.0555555555555555,0.2222222222222222,0.1666666666666666,-0.1666666666666666,0.8008740692159102,0.0555555555555555,0.1176470588235294,0.0625,0.0,0,0.0,0.0,0.0,0.4981490671634674,0.4332163035869598,0.1724137931034483,False,False,0.0019046325624333393,0.12
YGNRWTQNVECAACQS,16,0.0,0.3125,1829.995,2,0.125,0.125,0.0,0.0625,0.0625,0.0,0.0625,0.0625,0.375,0.0,0.8098237460591571,0.125,0.0666666666666666,0.0714285714285714,0.16,1,0.2,0.2,0.0,0.4821304082870483,0.4328067302703857,0.125,False,False,-0.003881720923712903,0.1111111111111111
KYFWELKCWWQGTLV,15,1.0,0.5333333333333333,1987.36,1,0.2,0.3333333333333333,0.0,0.0666666666666666,0.0,0.1333333333333333,0.1333333333333333,0.0666666666666666,0.1333333333333333,0.0666666666666666,0.7689233499115469,0.1333333333333333,0.0714285714285714,0.0769230769230769,0.1675,2,0.2,0.25,0.0,0.4740418791770935,0.4277496039867401,0.1333333333333333,True,False,-0.0054561390295460865,0.2
PYHYAHSWCRIGFIETAHKNHLHVTCEQDR,30,5.0,0.3333333333333333,3650.075,2,0.1666666666666666,0.1333333333333333,0.0333333333333333,0.0333333333333333,0.0666666666666666,0.0333333333333333,0.2666666666666666,0.1,0.1666666666666666,0.1666666666666666,0.9378304830943576,0.0333333333333333,0.0689655172413793,0.0357142857142857,0.0816666666666666,2,0.1,0.1111111111111111,0.0,0.4749701917171478,0.4168440997600555,0.0666666666666666,False,False,-0.009975798044359316,0.1
KEEFPIRIKGNGIGVFDFYGEHAGP,25,0.0,0.36,2778.11,0,0.2,0.16,0.08,0.2,0.04,0.08,0.16,0.16,0.04,0.0,0.797996633636155,0.08,0.0416666666666666,0.0434782608695652,0.2125,1,0.25,0.25,0.0625,0.4901992380619049,0.4139759242534637,0.2,False,False,-0.010851973821047578,0.12
QCVTAFADQDDKEGFKTTTHVSSV,24,-1.0,0.2916666666666667,2614.825,1,0.1666666666666666,0.0833333333333333,0.0,0.0416666666666666,0.0,0.0833333333333333,0.125,0.1666666666666666,0.3333333333333333,-0.0416666666666666,0.7956453231160215,0.125,0.0869565217391304,0.0454545454545454,0.1026785714285714,1,0.125,0.1428571428571428,0.0,0.4917453825473785,0.4283889532089233,0.125,False,False,-0.013715352359026114,0.16
IMTKWLWAPQYQMM,14,1.0,0.6428571428571429,1827.255,0,0.2142857142857142,0.2142857142857142,0.0714285714285714,0.0,0.0,0.0714285714285714,0.0714285714285714,0.0,0.2142857142857142,0.0714285714285714,0.7362468196831818,0.1428571428571428,0.0769230769230769,0.0833333333333333,0.025,0,0.0,0.0,0.125,0.4861241579055786,0.4435127973556518,0.1428571428571428,True,False,-0.016344976377868595,0.14285714285714285
KMISVRVQKYDTCSSMSWSENDMVCNK,27,1.0,0.3333333333333333,3170.6600000000003,2,0.1851851851851851,0.074074074074074,0.0,0.0,0.037037037037037,0.1111111111111111,0.1481481481481481,0.1111111111111111,0.3333333333333333,0.037037037037037,0.8270285121951529,0.074074074074074,0.0384615384615384,0.04,0.0,0,0.0,0.0,0.0,0.4591379463672638,0.4219696521759033,0.074074074074074,False,False,-0.021418833883163596,0.1111111111111111
ELQSGAAVIH,10,0.0,0.5,1024.135,0,0.2,0.0,0.0,0.1,0.0,0.0,0.1,0.1,0.2,0.0,0.722346144208289,0.2,0.1111111111111111,0.125,0.2666666666666666,1,0.3333333333333333,0.3333333333333333,0.0,0.4957349002361297,0.4535645246505737,0.2,False,False,-0.027726547246926248,0.2
NITAQCSHEWWEEEDSG,17,-4.0,0.2352941176470588,2021.06,1,0.2352941176470588,0.1176470588235294,0.0,0.0588235294117647,0.0,0.0,0.0588235294117647,0.2941176470588235,0.2941176470588235,-0.2352941176470588,0.7824240510408801,0.1764705882352941,0.125,0.0666666666666666,0.1083333333333333,1,0.1666666666666666,0.0,0.0,0.5000396370887756,0.422465056180954,0.2352941176470588,False,False,-0.029821972591123874,0.12
ENAKHRHLQQFFMQLKFVM,19,4.0,0.4736842105263157,2432.9,0,0.1578947368421052,0.1578947368421052,0.0,0.0,0.0526315789473684,0.1052631578947368,0.2631578947368421,0.0526315789473684,0.2105263157894736,0.2105263157894736,0.7696473275174619,0.1052631578947368,0.0555555555555555,0.0588235294117647,0.0,0,0.0,0.0,0.0,0.4651899337768554,0.4345617890357971,0.1052631578947368,True,False,-0.032550597632623884,0.15789473684210525
RARIADTDQTHGPFLI,16,1.0,0.375,1811.005,0,0.125,0.0625,0.0625,0.0625,0.125,0.0,0.1875,0.125,0.1875,0.0625,0.7809014694141871,0.0625,0.0666666666666666,0.0714285714285714,0.1925,2,0.2,0.25,0.125,0.4878232181072235,0.420214295387268,0.125,True,False,-0.03476898797061964,0.125
FSSWCEKEHEKATASCGHSKASMFTME,27,1.0,0.2962962962962963,3050.4,2,0.1851851851851851,0.1111111111111111,0.0,0.037037037037037,0.0,0.1111111111111111,0.1851851851851851,0.1481481481481481,0.2592592592592592,0.037037037037037,0.764941060939936,0.074074074074074,0.0769230769230769,0.04,0.0909722222222222,1,0.1111111111111111,0.125,0.0,0.4680896699428558,0.4270166158676147,0.1111111111111111,False,False,-0.037252259294159,0.1111111111111111
YLHPFFTNEHFPSV,14,1.0,0.4285714285714285,1734.925,0,0.2142857142857142,0.2857142857142857,0.1428571428571428,0.0,0.0,0.0,0.1428571428571428,0.0714285714285714,0.2142857142857142,0.0714285714285714,0.7362468196831818,0.1428571428571428,0.0769230769230769,0.0833333333333333,0.05,1,0.0,0.0,0.25,0.4949899315834045,0.4318154752254486,0.2142857142857142,True,False,-0.04886677687887461,0.14285714285714285
KNTIEMHCKTWLMSE,15,1.0,0.3333333333333333,1851.19,1,0.1333333333333333,0.0666666666666666,0.0,0.0,0.0,0.1333333333333333,0.2,0.1333333333333333,0.2666666666666666,0.0666666666666666,0.7805676513373614,0.0666666666666666,0.0714285714285714,0.0769230769230769,0.0,0,0.0,0.0,0.0,0.4566601812839508,0.4322066307067871,0.1333333333333333,True,False,-0.053304067570260696,0.2
RDDTIEWVKMFCRLLCFREHA,21,1.0,0.4285714285714285,2669.12,2,0.1428571428571428,0.1428571428571428,0.0,0.0,0.1428571428571428,0.0476190476190476,0.238095238095238,0.1904761904761904,0.0476190476190476,0.0476190476190476,0.8537170566452258,0.0952380952380952,0.05,0.0526315789473684,0.0,0,0.0,0.0,0.0,0.4599471390247345,0.4288972914218902,0.1428571428571428,False,False,-0.05339878777508279,0.14285714285714285
IHDMMPDAIPQKNM,14,0.0,0.4285714285714285,1640.945,0,0.2142857142857142,0.0,0.1428571428571428,0.0,0.0,0.0714285714285714,0.1428571428571428,0.1428571428571428,0.1428571428571428,0.0,0.7031927892317877,0.1428571428571428,0.0769230769230769,0.0833333333333333,0.05,1,0.0,0.0,0.25,0.5086266398429871,0.4451949298381805,0.1428571428571428,False,False,-0.056024948436957434,0.21428571428571427
KHKVTLSRIMYRVGLN,16,5.0,0.4375,1915.3250000000005,0,0.125,0.0625,0.0,0.0625,0.125,0.125,0.3125,0.0,0.1875,0.3125,0.8098237460591571,0.0625,0.0666666666666666,0.0714285714285714,0.16,1,0.2,0.2,0.0,0.4392867684364319,0.4164954125881195,0.1875,True,False,-0.06561473133497542,0.125
CPIATLY,7,0.0,0.5714285714285714,779.9399999999999,1,0.1428571428571428,0.1428571428571428,0.1428571428571428,0.0,0.0,0.0,0.0,0.0,0.1428571428571428,0.0,0.6495607655709436,0.1428571428571428,0.1666666666666666,0.2,0.05,0,0.0,0.0,0.25,0.4974963366985321,0.4446234405040741,0.2857142857142857,False,False,-0.07580490827741679,0.125
