model,split,sequence,label,probability
amp_predictor,train,LKKTWSGGLINLKRMAALKGKQR,0,0.44479605555534363
amp_predictor,train,RKILFGARLLRKLFELK,0,0.44712257385253906
amp_predictor,train,FKYAAYLFVTKLHA,0,0.46988317370414734
amp_predictor,train,RLIVQHIIFFVKIN,0,0.477526992559433
amp_predictor,train,KWKSFIKKLTSAAKKVVTTAKPLISS,1,0.4565644860267639
amp_predictor,train,GCINRYIKFLYLLKVK,0,0.44951701164245605
amp_predictor,train,FFHHIFRGIVHVGKTIHRLVTG,1,0.4673524498939514
amp_predictor,train,KCGSLLLQAIKIS,0,0.4542795419692993
amp_predictor,train,KYGFKL,0,0.46029478311538696
amp_predictor,train,PLSFNGHMWLALATMFCGWKR,0,0.46644851565361023
amp_predictor,train,LLAVKVLAALKAP,0,0.4923444390296936
amp_predictor,train,AFLPWIIKGFKGLKSLI,0,0.4643867611885071
amp_predictor,train,RSHIGK,0,0.4461727440357208
amp_predictor,train,ILSALGTGLKKLNLQWKKARKK,0,0.4438271224498749
amp_predictor,train,PFFVKIKLVIVAKLEFKWLVR,0,0.4703724980354309
amp_predictor,train,GGPREALFRIFVFIFEAAFA,0,0.48370787501335144
amp_predictor,train,TPYKLIVIPKKNK,0,0.4707567095756531
amp_predictor,train,LLIGIFTHKRRKK,0,0.44006791710853577
amp_predictor,train,VKRWCLSLKKAKYVAMI,0,0.44531598687171936
amp_predictor,train,TIDRKKWLKIKFRSIITA,0,0.4460963308811188
amp_predictor,train,GLGLGDGKFFSIIAIHLGTVDE,0,0.48690903186798096
amp_predictor,train,TDFKAAAKRALRFFSRKRDK,0,0.4540625214576721
amp_predictor,train,ILFSQNKLLLCKAKIFELFVLILAVK,0,0.4645613729953766
amp_predictor,train,KRSKVLSIKKEKVL,0,0.4438320994377136
amp_predictor,train,FLPLIGRVLSGIL,1,0.4797770380973816
amp_predictor,train,INLKALAALAKKIL,1,0.46834656596183777
amp_predictor,train,PGPKPKIGGPFCFFRKY,0,0.48743322491645813
amp_predictor,train,VKLIKKFCLLLAIGRSGLFHFH,0,0.4494878351688385
amp_predictor,train,CKKVLKHIKKARTFKELHLNRE,0,0.4432205259799957
amp_predictor,train,FVKVFKGGAFVILK,0,0.4753072261810303
amp_predictor,train,KPNRLEVSRDGPAW,0,0.49123063683509827
amp_predictor,train,KLLKLLKKLLKLLK,1,0.45811280608177185
amp_predictor,train,KWCFRVCYRGICYRRCR,1,0.45740753412246704
amp_predictor,train,DNWIKKALIRSRKIPRKT,0,0.4487817585468292
amp_predictor,train,KLAYHA,0,0.4793357253074646
amp_predictor,train,KKGWRPKFVIAIRLPRG,0,0.46351513266563416
amp_predictor,train,VRKIWNVFSLFLLAKRI,0,0.45270484685897827
amp_predictor,train,LIGLKGRSFAIRSFRE,0,0.4413011074066162
amp_predictor,train,RWRWRW,1,0.48501119017601013
amp_predictor,train,KRIVQRIKDFLRNLVPRTES,1,0.4536483585834503
amp_predictor,train,GIGKFLHSAKKFGKAFVGEIMNS,1,0.4613455832004547
amp_predictor,train,KKLFLILAKKGFGI,0,0.4577304422855377
amp_predictor,train,LTGIRWKFAGFLFKLLGR,0,0.45549890398979187
amp_predictor,train,IGAVKILAHLLWLKQ,0,0.46795833110809326
amp_predictor,train,KLAKLAKKLAKLAK,1,0.4611150026321411
amp_predictor,train,CAIAFNMPITLFFL,0,0.4873861074447632
amp_predictor,train,LRLKKIAKGKSGAHILKRLKRFA,0,0.43914273381233215
amp_predictor,train,INTKILLKLVKGIKF,0,0.4578140676021576
amp_predictor,train,RSGVKLWIRIRLGK,0,0.4441329538822174
amp_predictor,train,SLKFGFSLNIIKQRG,0,0.4443354904651642
amp_predictor,train,VFTDHSFKKGMSTIKGGFVTRKKKKK,0,0.4528549015522003
amp_predictor,train,LKIIIDFNKGKPGR,0,0.4657585024833679
amp_predictor,train,RKWKWKRCKRVRAIAELMRS,0,0.44378215074539185
amp_predictor,train,WRRLRFKKSKKLHFKKG,0,0.44611856341362
amp_predictor,train,KKHKIKLAAGTLFTKKV,0,0.45089152455329895
amp_predictor,train,FIGESLIKKLVVKIKLK,0,0.4567014276981354
amp_predictor,train,LSFLDNCVFVRLRRVGLDLFK,0,0.46008023619651794
amp_predictor,train,KRAESRGKLSLKIKLS,0,0.43859875202178955
amp_predictor,train,YLRVRGKDLVKKAWEA,0,0.45613256096839905
amp_predictor,train,KWKLFKKILKFLHSAKKF,1,0.44992318749427795
amp_predictor,train,PRAGLSAKLAKTLGSISILKH,0,0.45829200744628906
amp_predictor,train,PTTKIRLIDPHVGFSFF,0,0.4787876605987549
amp_predictor,train,DTKLFWFGSVGKNT,0,0.4709564745426178
amp_predictor,train,LLKIKTSAFGGLKAIKDSAVDS,0,0.46543586254119873
amp_predictor,train,GFRGVLAAALRGSARVRLSAGFK,0,0.46983736753463745
amp_predictor,train,WCFRHTLESFKKKLLYYK,0,0.44585612416267395
amp_predictor,train,IIIILIVVKIKSLRKLIN,0,0.47400137782096863
amp_predictor,train,GLFDIVKKVVGALGSL,1,0.4814716875553131
amp_predictor,val,TVKKRISKECSAHIFIP,0,0.45529863238334656
amp_predictor,val,LIVGDPTHGGKKGA,0,0.495957612991333
amp_predictor,val,VAVSFASFKVLKKAWIGIWDSMSWSV,0,0.4695403575897217
amp_predictor,val,KFFLKVINKLLKVIFLSA,0,0.46042484045028687
amp_predictor,val,VGAKISRIVIKGVFAKY,0,0.46700534224510193
amp_predictor,val,ELFSPRKYAKIVLRFWKKWIK,0,0.45136594772338867
amp_predictor,val,FLPIIAGIAAKFLPKIF,1,0.48600050806999207
amp_predictor,val,LKKRRK,0,0.4568365514278412
amp_predictor,val,KKLIKP,0,0.46851179003715515
amp_predictor,val,NKFKFLKIILICFWVLHWRNKHDVKG,0,0.4537401497364044
amp_predictor,val,FFSWKSYFKKCPKKFFVAGIK,0,0.45984306931495667
amp_predictor,val,SKKARITILHFRKKWWSG,0,0.43598437309265137
amp_predictor,val,LFVILLLVFKKKFFHIKLLK,0,0.46408432722091675
amp_predictor,val,RWKIFKKIEKMGRNIR,1,0.4494353234767914
amp_predictor,test,VNWRSENKKLWWINPIF,0,0.46667197346687317
amp_predictor,test,KSLDWQRFKIVLRKGKARLQIWTRGK,0,0.44203659892082214
amp_predictor,test,KKIVREYTHSEYLLCT,0,0.45121362805366516
amp_predictor,test,RSIFLFIVYRILLKLAGK,0,0.45460283756256104
amp_predictor,test,GLLSGILGAGKKIVCGLSGLC,1,0.4786328971385956
amp_predictor,test,VFFCLK,0,0.47219911217689514
amp_predictor,test,GIVAKMFAFVAGAELGLLSASLF,0,0.48815977573394775
amp_predictor,test,AKKIAEKALGIKKAESAKKIK,0,0.46515268087387085
amp_predictor,test,KGLIAKKGLLLLLI,0,0.46789035201072693
amp_predictor,test,VGKLVLGLIWKLAKTLKVSI,0,0.46319788694381714
amp_predictor,test,FIAGAKLIKWPKITGIVK,0,0.4704514145851135
amp_predictor,test,VNWKKILGKIIKVVK,1,0.460926353931427
amp_predictor,test,KWLKEGIRTVWWVCFIK,0,0.4644228518009186
amp_predictor,test,KKLIGVVSWPRQKK,0,0.45417171716690063
toxicity_predictor,train,LKKTWSGGLINLKRMAALKGKQR,0,0.42076075077056885
toxicity_predictor,train,RKILFGARLLRKLFELK,0,0.4195474088191986
toxicity_predictor,train,FKYAAYLFVTKLHA,1,0.42599281668663025
toxicity_predictor,train,RLIVQHIIFFVKIN,0,0.43352919816970825
toxicity_predictor,train,KWKSFIKKLTSAAKKVVTTAKPLISS,0,0.42690542340278625
toxicity_predictor,train,GCINRYIKFLYLLKVK,0,0.40602296590805054
toxicity_predictor,train,FFHHIFRGIVHVGKTIHRLVTG,0,0.42260482907295227
toxicity_predictor,train,KCGSLLLQAIKIS,0,0.4185428321361542
toxicity_predictor,train,KYGFKL,0,0.40293756127357483
toxicity_predictor,train,PLSFNGHMWLALATMFCGWKR,0,0.4260289967060089
toxicity_predictor,train,LLAVKVLAALKAP,1,0.45857059955596924
toxicity_predictor,train,AFLPWIIKGFKGLKSLI,0,0.4075247645378113
toxicity_predictor,train,RSHIGK,0,0.41642969846725464
toxicity_predictor,train,ILSALGTGLKKLNLQWKKARKK,0,0.4196633994579315
toxicity_predictor,train,PFFVKIKLVIVAKLEFKWLVR,0,0.4256756603717804
toxicity_predictor,train,GGPREALFRIFVFIFEAAFA,0,0.44230881333351135
toxicity_predictor,train,TPYKLIVIPKKNK,0,0.419808030128479
toxicity_predictor,train,LLIGIFTHKRRKK,0,0.4101184010505676
toxicity_predictor,train,VKRWCLSLKKAKYVAMI,0,0.4277133643627167
toxicity_predictor,train,TIDRKKWLKIKFRSIITA,0,0.4153420329093933
toxicity_predictor,train,GLGLGDGKFFSIIAIHLGTVDE,0,0.42035984992980957
toxicity_predictor,train,TDFKAAAKRALRFFSRKRDK,0,0.42805877327919006
toxicity_predictor,train,ILFSQNKLLLCKAKIFELFVLILAVK,0,0.4250940978527069
toxicity_predictor,train,KRSKVLSIKKEKVL,0,0.4219447672367096
toxicity_predictor,train,FLPLIGRVLSGIL,0,0.4260717034339905
toxicity_predictor,train,INLKALAALAKKIL,1,0.44416382908821106
toxicity_predictor,train,PGPKPKIGGPFCFFRKY,0,0.4093247354030609
toxicity_predictor,train,VKLIKKFCLLLAIGRSGLFHFH,0,0.41179147362709045
toxicity_predictor,train,CKKVLKHIKKARTFKELHLNRE,0,0.41759732365608215
toxicity_predictor,train,FVKVFKGGAFVILK,0,0.42590245604515076
toxicity_predictor,train,KPNRLEVSRDGPAW,0,0.41727012395858765
toxicity_predictor,train,KLLKLLKKLLKLLK,0,0.4284488558769226
toxicity_predictor,train,KWCFRVCYRGICYRRCR,1,0.43293824791908264
toxicity_predictor,train,DNWIKKALIRSRKIPRKT,0,0.41790786385536194
toxicity_predictor,train,KLAYHA,0,0.44170185923576355
toxicity_predictor,train,KKGWRPKFVIAIRLPRG,0,0.41864776611328125
toxicity_predictor,train,VRKIWNVFSLFLLAKRI,0,0.42711514234542847
toxicity_predictor,train,LIGLKGRSFAIRSFRE,0,0.41286423802375793
toxicity_predictor,train,RWRWRW,0,0.4623155891895294
toxicity_predictor,train,KRIVQRIKDFLRNLVPRTES,0,0.4168461263179779
toxicity_predictor,train,GIGKFLHSAKKFGKAFVGEIMNS,0,0.415965735912323
toxicity_predictor,train,KKLFLILAKKGFGI,0,0.40979528427124023
toxicity_predictor,train,LTGIRWKFAGFLFKLLGR,0,0.41360342502593994
toxicity_predictor,train,IGAVKILAHLLWLKQ,0,0.4294833242893219
toxicity_predictor,train,KLAKLAKKLAKLAK,0,0.44733506441116333
toxicity_predictor,train,CAIAFNMPITLFFL,1,0.44905605912208557
toxicity_predictor,train,LRLKKIAKGKSGAHILKRLKRFA,1,0.421977162361145
toxicity_predictor,train,INTKILLKLVKGIKF,0,0.4154907166957855
toxicity_predictor,train,RSGVKLWIRIRLGK,0,0.41774097084999084
toxicity_predictor,train,SLKFGFSLNIIKQRG,0,0.4054950475692749
toxicity_predictor,train,VFTDHSFKKGMSTIKGGFVTRKKKKK,1,0.41252899169921875
toxicity_predictor,train,LKIIIDFNKGKPGR,0,0.406050443649292
toxicity_predictor,train,RKWKWKRCKRVRAIAELMRS,0,0.43716832995414734
toxicity_predictor,train,WRRLRFKKSKKLHFKKG,1,0.4238835573196411
toxicity_predictor,train,KKHKIKLAAGTLFTKKV,0,0.42355579137802124
toxicity_predictor,train,FIGESLIKKLVVKIKLK,0,0.4136880338191986
toxicity_predictor,train,LSFLDNCVFVRLRRVGLDLFK,0,0.4275824725627899
toxicity_predictor,train,KRAESRGKLSLKIKLS,0,0.41719552874565125
toxicity_predictor,train,YLRVRGKDLVKKAWEA,0,0.4259513020515442
toxicity_predictor,train,KWKLFKKILKFLHSAKKF,0,0.41798850893974304
toxicity_predictor,train,PRAGLSAKLAKTLGSISILKH,0,0.4182455837726593
toxicity_predictor,train,PTTKIRLIDPHVGFSFF,0,0.4149572551250458
toxicity_predictor,train,DTKLFWFGSVGKNT,0,0.41753777861595154
toxicity_predictor,train,LLKIKTSAFGGLKAIKDSAVDS,0,0.41682496666908264
toxicity_predictor,train,GFRGVLAAALRGSARVRLSAGFK,0,0.44342896342277527
toxicity_predictor,train,WCFRHTLESFKKKLLYYK,0,0.40711477398872375
toxicity_predictor,train,IIIILIVVKIKSLRKLIN,0,0.4309060275554657
toxicity_predictor,train,GLFDIVKKVVGALGSL,0,0.4275483787059784
toxicity_predictor,val,TVKKRISKECSAHIFIP,0,0.4150201082229614
toxicity_predictor,val,LIVGDPTHGGKKGA,0,0.4233410656452179
toxicity_predictor,val,VAVSFASFKVLKKAWIGIWDSMSWSV,0,0.43793782591819763
toxicity_predictor,val,KFFLKVINKLLKVIFLSA,0,0.42171424627304077
toxicity_predictor,val,VGAKISRIVIKGVFAKY,0,0.4266567826271057
toxicity_predictor,val,ELFSPRKYAKIVLRFWKKWIK,0,0.4154939353466034
toxicity_predictor,val,FLPIIAGIAAKFLPKIF,1,0.42534881830215454
toxicity_predictor,val,LKKRRK,0,0.4393708109855652
toxicity_predictor,val,KKLIKP,0,0.4276857078075409
toxicity_predictor,val,NKFKFLKIILICFWVLHWRNKHDVKG,0,0.41707614064216614
toxicity_predictor,val,FFSWKSYFKKCPKKFFVAGIK,0,0.41280877590179443
toxicity_predictor,val,SKKARITILHFRKKWWSG,0,0.41718336939811707
toxicity_predictor,val,LFVILLLVFKKKFFHIKLLK,0,0.41869139671325684
toxicity_predictor,val,RWKIFKKIEKMGRNIR,0,0.42711392045021057
toxicity_predictor,test,VNWRSENKKLWWINPIF,0,0.4336249530315399
toxicity_predictor,test,KSLDWQRFKIVLRKGKARLQIWTRGK,0,0.4142190217971802
toxicity_predictor,test,KKIVREYTHSEYLLCT,0,0.4061104655265808
toxicity_predictor,test,RSIFLFIVYRILLKLAGK,0,0.4137111008167267
toxicity_predictor,test,GLLSGILGAGKKIVCGLSGLC,0,0.4273918569087982
toxicity_predictor,test,VFFCLK,0,0.4344254732131958
toxicity_predictor,test,GIVAKMFAFVAGAELGLLSASLF,0,0.4465027451515198
toxicity_predictor,test,AKKIAEKALGIKKAESAKKIK,0,0.4401227831840515
toxicity_predictor,test,KGLIAKKGLLLLLI,0,0.42241808772087097
toxicity_predictor,test,VGKLVLGLIWKLAKTLKVSI,0,0.4230843782424927
toxicity_predictor,test,FIAGAKLIKWPKITGIVK,0,0.41905492544174194
toxicity_predictor,test,VNWKKILGKIIKVVK,0,0.4286063611507416
toxicity_predictor,test,KWLKEGIRTVWWVCFIK,0,0.42906540632247925
toxicity_predictor,test,KKLIGVVSWPRQKK,0,0.41885238885879517
