sequence,length,net_charge,hydrophobic_fraction,molecular_weight,cysteine_count,repeat_fraction,aromatic_fraction,proline_fraction,glycine_fraction,arginine_fraction,lysine_fraction,positive_fraction,negative_fraction,polar_fraction,charge_density,sequence_entropy,longest_run_fraction,dipeptide_repeat_fraction,tripeptide_repeat_fraction,collagen_motif_score,collagen_gxy_frame,glycine_frame_fraction,gxy_triplet_fraction,xy_proline_fraction,amp_probability,toxicity_probability,max_similarity_to_collagen_window,rule_pass,passed_filter,final_score,shortlist_strict_pass,max_similarity_to_selected
IFKGKLGLPGKAGLAGALGVTGEKGNG,27,3.0,0.3703703703703703,2510.96,0,0.3333333333333333,0.037037037037037,0.037037037037037,0.3333333333333333,0.0,0.1481481481481481,0.1481481481481481,0.037037037037037,0.074074074074074,0.1111111111111111,0.677833187776627,0.037037037037037,0.0769230769230769,0.04,0.7222222222222221,0,0.8888888888888888,0.8888888888888888,0.0555555555555555,0.9702643752098083,7.171698234742507e-05,0.4444444444444444,True,True,0.3414335887665273,True,0.0
GFGPALKKGLNGIPGVIGKALPAGLS,26,3.0,0.4230769230769231,2432.915,0,0.2692307692307692,0.0384615384615384,0.1153846153846153,0.2692307692307692,0.0,0.1153846153846153,0.1153846153846153,0.0,0.0769230769230769,0.1153846153846153,0.6967624348689189,0.0769230769230769,0.08,0.0416666666666666,0.6375,2,0.75,0.75,0.1875,0.9381943941116332,2.780259092105553e-05,0.4615384615384615,True,True,0.3341219848252104,True,0.07407407407407407
VGPTGAAGLPAKAGKKGISGPAGVTGL,27,3.0,0.3703703703703703,2332.7200000000003,0,0.2962962962962963,0.0,0.1111111111111111,0.2962962962962963,0.0,0.1111111111111111,0.1111111111111111,0.0,0.1111111111111111,0.1111111111111111,0.6621062995355986,0.074074074074074,0.1153846153846153,0.04,0.7465277777777777,1,0.8888888888888888,0.875,0.1875,0.9559901356697084,0.0001050113714882,0.5555555555555556,True,True,0.3328945825843414,True,0.0
LTGLAGHAAAKGLPGLSCSIGNKG,24,3.0,0.375,2193.535,1,0.25,0.0,0.0416666666666666,0.25,0.0,0.0833333333333333,0.125,0.0,0.1666666666666666,0.125,0.7185192520627685,0.125,0.1304347826086956,0.0454545454545454,0.6089285714285714,2,0.75,0.7142857142857143,0.0714285714285714,0.960413932800293,8.896538929548115e-05,0.48,True,True,0.3279609776500614,True,0.23076923076923078
LKGIKGLSGPQLKLGNAGPPGASGYA,26,3.0,0.3461538461538461,2451.835,0,0.2692307692307692,0.0384615384615384,0.1153846153846153,0.2692307692307692,0.0,0.1153846153846153,0.1153846153846153,0.0,0.1538461538461538,0.1153846153846153,0.6967624348689189,0.0769230769230769,0.08,0.0416666666666666,0.7374999999999999,2,0.875,0.875,0.1875,0.8904170989990234,2.577607301645912e-05,0.5,True,True,0.3257080291470701,True,0.23076923076923078
AGLDGILGVAGKIGSQGLGGAVGKKGSA,28,2.0,0.3928571428571428,2438.805,0,0.3571428571428571,0.0,0.0,0.3571428571428571,0.0,0.1071428571428571,0.1071428571428571,0.0357142857142857,0.1071428571428571,0.0714285714285714,0.643536206151478,0.0714285714285714,0.074074074074074,0.0384615384615384,0.8,1,1.0,1.0,0.0,0.979386270046234,1.101043108064914e-05,0.5,True,True,0.3253361745154239,True,0.32142857142857145
GFKGVAGLPGNLGPAGKAKETGKA,24,3.0,0.3333333333333333,2225.575,0,0.2916666666666667,0.0416666666666666,0.0833333333333333,0.2916666666666667,0.0,0.1666666666666666,0.1666666666666666,0.0416666666666666,0.0833333333333333,0.125,0.6785900298967044,0.0416666666666666,0.0869565217391304,0.0909090909090909,0.725,0,0.875,0.875,0.125,0.9633429050445556,0.0001925727701745,0.5416666666666666,True,True,0.318135063678816,True,0.4444444444444444
GIFGKLGCTGKHGLPGVLDVLAEKGLS,27,2.0,0.3703703703703703,2667.16,1,0.2592592592592592,0.037037037037037,0.037037037037037,0.2592592592592592,0.0,0.1111111111111111,0.1481481481481481,0.074074074074074,0.074074074074074,0.074074074074074,0.7743967433690396,0.037037037037037,0.0769230769230769,0.04,0.6333333333333333,0,0.7777777777777778,0.7777777777777778,0.0555555555555555,0.91305410861969,1.4157110854284838e-05,0.3928571428571428,True,True,0.31608893262978965,True,0.5185185185185185
GAAGDKGPINLAGKAGKQLWHGLPGL,26,3.0,0.3846153846153846,2526.915,0,0.2692307692307692,0.0384615384615384,0.0769230769230769,0.2692307692307692,0.0,0.1153846153846153,0.1538461538461538,0.0384615384615384,0.0769230769230769,0.1153846153846153,0.7101981672833202,0.0769230769230769,0.12,0.0833333333333333,0.6430555555555555,0,0.7777777777777778,0.75,0.125,0.9531294107437134,3.700642992043868e-05,0.5,True,True,0.3139643194845854,True,0.3076923076923077
GLPGLAGVIGHVGPKIHCLITGKY,24,4.0,0.4166666666666667,2400.915,1,0.25,0.0416666666666666,0.0833333333333333,0.25,0.0,0.0833333333333333,0.1666666666666666,0.0,0.0416666666666666,0.1666666666666666,0.742526910807127,0.0416666666666666,0.0869565217391304,0.0454545454545454,0.625,0,0.75,0.75,0.125,0.9518300890922546,0.0004798133450094,0.4583333333333333,True,True,0.31367772936273486,True,0.4166666666666667
GLPGVLGSAGKHGNCGVVGLI,21,2.0,0.3809523809523809,1905.26,1,0.3333333333333333,0.0,0.0476190476190476,0.3333333333333333,0.0,0.0476190476190476,0.0952380952380952,0.0,0.0952380952380952,0.0952380952380952,0.6949875041964036,0.0952380952380952,0.1,0.0526315789473684,0.8142857142857143,0,1.0,1.0,0.0714285714285714,0.9204363226890564,0.0001106491472455,0.5714285714285714,True,True,0.3109902421814505,True,0.37037037037037035
GLWGKLGSIGKSAAKGAA,18,3.0,0.4444444444444444,1671.9449999999997,0,0.2777777777777778,0.0555555555555555,0.0,0.2777777777777778,0.0,0.1666666666666666,0.1666666666666666,0.0,0.1111111111111111,0.1666666666666666,0.6002223624913855,0.1111111111111111,0.1176470588235294,0.0625,0.6666666666666667,0,0.8333333333333334,0.8333333333333334,0.0,0.9924341440200806,0.0001153818448074,0.4444444444444444,True,True,0.31089767148336706,True,0.42857142857142855
GGLSGIAGAAKHPGPHGLPGI,21,3.0,0.3333333333333333,1864.13,0,0.3333333333333333,0.0,0.1428571428571428,0.3333333333333333,0.0,0.0476190476190476,0.1428571428571428,0.0,0.0476190476190476,0.1428571428571428,0.6288794432936153,0.0952380952380952,0.1,0.0526315789473684,0.7321428571428572,1,0.8571428571428571,0.8333333333333334,0.25,0.9752165675163268,0.0002227582590421,0.6190476190476191,True,True,0.3071782680434741,True,0.35714285714285715
PLGPIGHSGAAGAPGNKGL,19,2.0,0.3157894736842105,1670.88,0,0.3157894736842105,0.0,0.1578947368421052,0.3157894736842105,0.0,0.0526315789473684,0.1052631578947368,0.0,0.1052631578947368,0.1052631578947368,0.6538391828831195,0.1052631578947368,0.1111111111111111,0.0588235294117647,0.8400000000000001,2,1.0,1.0,0.2,0.9820693135261536,6.613231380470097e-05,0.631578947368421,True,True,0.3046920244305067,True,0.2916666666666667
FGSAIAHGPPGFAGLVKHLGAKGC,24,4.0,0.4166666666666667,2292.6849999999995,1,0.25,0.0833333333333333,0.0833333333333333,0.25,0.0,0.0833333333333333,0.1666666666666666,0.0,0.0416666666666666,0.1666666666666666,0.7378007698260818,0.0833333333333333,0.0434782608695652,0.0454545454545454,0.6232142857142857,1,0.75,0.7142857142857143,0.1428571428571428,0.911743462085724,0.0003726629074662,0.4615384615384615,True,True,0.30399407124790256,True,0.2962962962962963
NGPTIAKGPKKLAGAIGNAGNAGC,24,3.0,0.3333333333333333,2180.505,1,0.25,0.0,0.0833333333333333,0.25,0.0,0.125,0.125,0.0,0.1666666666666666,0.125,0.6691642018169864,0.0833333333333333,0.1304347826086956,0.0909090909090909,0.6232142857142857,1,0.75,0.7142857142857143,0.1428571428571428,0.9686812162399292,0.0004711312358267,0.4583333333333333,True,True,0.30365997831710756,True,0.4166666666666667
NKGPSLASGKPGPAGKLGKAGVAGFA,26,4.0,0.3461538461538461,2337.695,0,0.2692307692307692,0.0384615384615384,0.1153846153846153,0.2692307692307692,0.0,0.1538461538461538,0.1538461538461538,0.0,0.1153846153846153,0.1538461538461538,0.6602770676893258,0.0384615384615384,0.12,0.0416666666666666,0.7374999999999999,2,0.875,0.875,0.1875,0.979625403881073,0.0001521094382042,0.5185185185185185,True,True,0.3032743817570792,True,0.4230769230769231
GLSGAIGAAGKKFLAGLQG,19,2.0,0.4736842105263157,1716.0,0,0.3157894736842105,0.0526315789473684,0.0,0.3157894736842105,0.0,0.1052631578947368,0.1052631578947368,0.0,0.1052631578947368,0.1052631578947368,0.6143208496593394,0.1052631578947368,0.1111111111111111,0.0588235294117647,0.6821428571428572,0,0.8571428571428571,0.8333333333333334,0.0,0.9890718460083008,4.01249089918565e-05,0.5263157894736842,True,True,0.29956267822568255,True,0.42857142857142855
AGLLGWQKPMGKIGA,15,2.0,0.4666666666666667,1526.86,0,0.2666666666666666,0.0666666666666666,0.0666666666666666,0.2666666666666666,0.0,0.1333333333333333,0.1333333333333333,0.0,0.0666666666666666,0.1333333333333333,0.6880163660734577,0.1333333333333333,0.0714285714285714,0.0769230769230769,0.6575,1,0.8,0.75,0.125,0.9445397853851318,0.0001090501828002,0.4666666666666667,True,True,0.2982422834293904,True,0.2857142857142857
APGPAISSGISGALGSVGKNAVPGPAGPKK,30,3.0,0.3333333333333333,2643.015,0,0.2333333333333333,0.0,0.1666666666666666,0.2333333333333333,0.0,0.1,0.1,0.0,0.1666666666666666,0.1,0.675478343924166,0.0666666666666666,0.1034482758620689,0.0714285714285714,0.616111111111111,2,0.7,0.7777777777777778,0.2222222222222222,0.9082661271095276,2.723257966863457e-05,0.4666666666666667,True,True,0.29684079135929,True,0.36666666666666664
GGVDGLTGAAGKIGAHGPSLKAQ,23,2.0,0.3478260869565217,2062.31,0,0.3043478260869565,0.0,0.0434782608695652,0.3043478260869565,0.0,0.0869565217391304,0.1304347826086956,0.0434782608695652,0.1304347826086956,0.0869565217391304,0.7282422078615143,0.0869565217391304,0.0909090909090909,0.0476190476190476,0.6303571428571428,1,0.75,0.8571428571428571,0.0714285714285714,0.9392555952072144,2.3082040570443496e-05,0.4782608695652174,True,True,0.2957875876518668,True,0.391304347826087
IGWPGIAGKVGEAGPHGVPGALGHQGNHGK,30,4.0,0.3,2856.225,0,0.3333333333333333,0.0333333333333333,0.1,0.3333333333333333,0.0,0.0666666666666666,0.1666666666666666,0.0333333333333333,0.0666666666666666,0.1333333333333333,0.722846935867668,0.0333333333333333,0.0689655172413793,0.0357142857142857,0.8333333333333334,1,1.0,1.0,0.1666666666666666,0.8729372024536133,0.0002171436353819,0.5,True,True,0.29570932038153186,True,0.36666666666666664
ISGPKLFPGLKGAL,14,2.0,0.4285714285714285,1397.705,0,0.2142857142857142,0.0714285714285714,0.1428571428571428,0.2142857142857142,0.0,0.1428571428571428,0.1428571428571428,0.0,0.0714285714285714,0.1428571428571428,0.6576627215384494,0.0714285714285714,0.0769230769230769,0.0833333333333333,0.6500000000000001,2,0.75,0.75,0.25,0.9616923928260804,4.606721267919056e-05,0.5,True,True,0.29482941867809076,True,0.2631578947368421
GGMTTPKGPAGTAAKVGLAGLAGKPGS,27,3.0,0.3333333333333333,2352.73,0,0.2962962962962963,0.0,0.1111111111111111,0.2962962962962963,0.0,0.1111111111111111,0.1111111111111111,0.0,0.1481481481481481,0.1111111111111111,0.6556372431879239,0.074074074074074,0.1153846153846153,0.08,0.6555555555555554,1,0.7777777777777778,0.75,0.1875,0.9329697489738464,0.0001486421970184,0.5185185185185185,True,True,0.29355812603907555,True,0.4074074074074074
EKGTKGLKGPAGAAGNAGLNGASGPANAAG,30,2.0,0.3333333333333333,2564.785,0,0.3,0.0,0.0666666666666666,0.3,0.0,0.1,0.1,0.0333333333333333,0.1666666666666666,0.0666666666666666,0.6260139461595492,0.0666666666666666,0.1379310344827586,0.0714285714285714,0.7405555555555556,2,0.9,0.8888888888888888,0.1111111111111111,0.9929627776145936,7.475799066014588e-05,0.5333333333333333,True,True,0.29294998679433143,True,0.5333333333333333
FLGLLGGALPAGLPGLFGKIGNKG,24,2.0,0.4583333333333333,2267.7249999999995,0,0.3333333333333333,0.0833333333333333,0.0833333333333333,0.3333333333333333,0.0,0.0833333333333333,0.0833333333333333,0.0,0.0416666666666666,0.0833333333333333,0.6028301454828888,0.0833333333333333,0.1304347826086956,0.0454545454545454,0.7258928571428571,2,0.875,0.8571428571428571,0.1428571428571428,0.9656165242195128,2.251879959658254e-05,0.5,True,True,0.2915927003128381,True,0.5833333333333334
GLGKAGASVGKGPAGAIGPKC,21,3.0,0.3333333333333333,1796.12,1,0.3333333333333333,0.0,0.0952380952380952,0.3333333333333333,0.0,0.1428571428571428,0.1428571428571428,0.0,0.0476190476190476,0.1428571428571428,0.6371968014549114,0.0476190476190476,0.1,0.1052631578947368,0.6226190476190476,2,0.7142857142857143,0.8333333333333334,0.1666666666666666,0.9934919476509094,0.0006615489255636,0.4761904761904761,True,True,0.2915312920895545,True,0.3333333333333333
GLTGKLGKTGLSGAKGEAGALANAGAN,27,2.0,0.3703703703703703,2384.66,0,0.2962962962962963,0.0,0.0,0.2962962962962963,0.0,0.1111111111111111,0.1111111111111111,0.037037037037037,0.1851851851851851,0.074074074074074,0.6180137786637114,0.037037037037037,0.1153846153846153,0.08,0.711111111111111,0,0.8888888888888888,0.8888888888888888,0.0,0.973637580871582,3.874093454214744e-05,0.4814814814814814,True,True,0.2912839070186284,True,0.4444444444444444
AGWKGIPGKIGPAAPAGVKGAVGDM,25,2.0,0.44,2305.72,0,0.28,0.04,0.12,0.28,0.0,0.12,0.12,0.04,0.0,0.08,0.660126714237341,0.08,0.0833333333333333,0.0434782608695652,0.7374999999999999,1,0.875,0.875,0.1875,0.8872653841972351,4.264258677721955e-05,0.52,True,True,0.2888875895613207,True,0.4666666666666667
LGPAIKAGERGLKGAK,16,3.0,0.375,1565.8649999999998,0,0.25,0.0,0.0625,0.25,0.0625,0.1875,0.25,0.0625,0.0,0.1875,0.6433792976609054,0.0625,0.0666666666666666,0.0714285714285714,0.66,1,0.8,0.8,0.1,0.9713414907455444,0.0029740014579147,0.5625,True,True,0.2884542581477445,True,0.2916666666666667
NNGKALQAGAKGIPG,15,2.0,0.3333333333333333,1395.58,0,0.2666666666666666,0.0,0.0666666666666666,0.2666666666666666,0.0,0.1333333333333333,0.1333333333333333,0.0,0.2,0.1333333333333333,0.6455216362263421,0.1333333333333333,0.0714285714285714,0.0769230769230769,0.6575,2,0.8,0.75,0.125,0.988521933555603,0.0001114146361942,0.5333333333333333,True,True,0.28840370470785076,True,0.3333333333333333
GFKGVAGLPGNAGPSGAPGALGALGPA,27,1.0,0.4074074074074074,2261.55,0,0.3333333333333333,0.037037037037037,0.1481481481481481,0.3333333333333333,0.0,0.037037037037037,0.037037037037037,0.0,0.074074074074074,0.037037037037037,0.6134776943791089,0.037037037037037,0.1153846153846153,0.08,0.8444444444444444,0,1.0,1.0,0.2222222222222222,0.9821600317955016,2.7081177904619835e-05,0.6296296296296297,True,True,0.2872952894899354,True,0.5555555555555556
GASGLPGAPGLLKSLGKQK,19,3.0,0.3157894736842105,1779.1,0,0.2631578947368421,0.0,0.1052631578947368,0.2631578947368421,0.0,0.1578947368421052,0.1578947368421052,0.0,0.1578947368421052,0.1578947368421052,0.6131047078682668,0.1052631578947368,0.1111111111111111,0.0588235294117647,0.6226190476190476,0,0.7142857142857143,0.8333333333333334,0.1666666666666666,0.9699270129203796,6.892890814924613e-05,0.5263157894736842,True,True,0.2864129492513478,True,0.42105263157894735
AKGAKGQVGPNGVAGPA,17,2.0,0.3529411764705882,1478.68,0,0.2941176470588235,0.0,0.1176470588235294,0.2941176470588235,0.0,0.1176470588235294,0.1176470588235294,0.0,0.1176470588235294,0.1176470588235294,0.5971902689984138,0.0588235294117647,0.125,0.1333333333333333,0.8400000000000001,2,1.0,1.0,0.2,0.993629276752472,0.0002160453732358,0.6470588235294118,True,True,0.28285992095141116,True,0.3333333333333333
GAAGIAGIAGNPFPAGKSGLSKAC,24,2.0,0.4166666666666667,2115.415,1,0.25,0.0416666666666666,0.0833333333333333,0.25,0.0,0.0833333333333333,0.0833333333333333,0.0,0.125,0.0833333333333333,0.6846823575171872,0.0833333333333333,0.1739130434782608,0.0909090909090909,0.625,0,0.75,0.75,0.125,0.9585681557655334,0.0001280573924304,0.5416666666666666,True,True,0.28221888812450024,True,0.4166666666666667
PGVRGFPGVAGKPGAQGAPGKAG,23,3.0,0.3043478260869565,2033.33,0,0.3478260869565217,0.0434782608695652,0.1739130434782608,0.3478260869565217,0.0434782608695652,0.0869565217391304,0.1304347826086956,0.0,0.0434782608695652,0.1304347826086956,0.6040171008130061,0.0434782608695652,0.1818181818181818,0.0952380952380952,0.8428571428571429,1,1.0,1.0,0.2142857142857142,0.988051176071167,0.0004280727589502,0.6153846153846154,True,True,0.28078048074589473,True,0.5217391304347826
GAAGPVGKIGAAAKNGKQGN,20,3.0,0.35,1765.9949999999997,0,0.3,0.0,0.05,0.3,0.0,0.15,0.15,0.0,0.15,0.15,0.6081112152120378,0.15,0.1578947368421052,0.1111111111111111,0.6988095238095239,0,0.8571428571428571,0.8333333333333334,0.0833333333333333,0.9962649941444396,0.0004297494888305,0.5,True,True,0.2803395089053078,True,0.4230769230769231
NAGALGKVGPSVAPGVAGAGGPKG,24,2.0,0.375,1989.265,0,0.3333333333333333,0.0,0.125,0.3333333333333333,0.0,0.0833333333333333,0.0833333333333333,0.0,0.0833333333333333,0.0833333333333333,0.6065935075460015,0.0833333333333333,0.1304347826086956,0.0909090909090909,0.7401785714285714,2,0.875,0.8571428571428571,0.2142857142857142,0.99067360162735,7.327125786105171e-05,0.5833333333333334,True,True,0.27977423365956505,True,0.4166666666666667
FLPGIPGAIGALGPAGHHGIHGSP,24,3.0,0.375,2230.545,0,0.2916666666666667,0.0416666666666666,0.1666666666666666,0.2916666666666667,0.0,0.0,0.125,0.0,0.0416666666666666,0.125,0.6374754469599889,0.0833333333333333,0.0869565217391304,0.0454545454545454,0.75,0,0.875,0.875,0.25,0.8282162547111511,0.0001447150716558,0.5,True,True,0.2789821637734872,True,0.4583333333333333
FTGPIGVAGAPISHGKIGAIGAKG,24,3.0,0.4166666666666667,2176.535,0,0.2916666666666667,0.0416666666666666,0.0833333333333333,0.2916666666666667,0.0,0.0833333333333333,0.125,0.0,0.0833333333333333,0.125,0.6785900298967044,0.0416666666666666,0.1304347826086956,0.0909090909090909,0.7258928571428571,2,0.875,0.8571428571428571,0.1428571428571428,0.825732946395874,0.0001207923778565,0.5416666666666666,True,True,0.2785992882675082,True,0.4166666666666667
GWKGFKGTAGECGAVGRQGA,20,2.0,0.3,1937.185,1,0.35,0.1,0.0,0.35,0.05,0.1,0.15,0.05,0.1,0.1,0.6945070420328813,0.05,0.1052631578947368,0.0555555555555555,0.8,0,1.0,1.0,0.0,0.9128511548042296,0.0007060115458443,0.55,True,True,0.27810522334912063,True,0.4
SFGAVGKVGANLVKGPA,17,2.0,0.4705882352941176,1571.84,0,0.2352941176470588,0.0588235294117647,0.0588235294117647,0.2352941176470588,0.0,0.1176470588235294,0.1176470588235294,0.0,0.1176470588235294,0.1176470588235294,0.6802123850565865,0.0588235294117647,0.125,0.0666666666666666,0.66,2,0.8,0.8,0.1,0.8688414692878723,4.039438863401301e-05,0.4705882352941176,True,True,0.2775674718163238,True,0.5882352941176471
FKGLAGAAGMKGPPG,15,2.0,0.4,1358.62,0,0.3333333333333333,0.0666666666666666,0.1333333333333333,0.3333333333333333,0.0,0.1333333333333333,0.1333333333333333,0.0,0.0,0.1333333333333333,0.5898421586847197,0.1333333333333333,0.1428571428571428,0.0769230769230769,0.8500000000000001,2,1.0,1.0,0.25,0.9825196266174316,0.0002068999165203,0.625,True,True,0.2775292607974856,True,0.5333333333333333
APGPAGKSGASGAPGAVGNAGPAGLS,26,1.0,0.3461538461538461,2076.235,0,0.3076923076923077,0.0,0.1538461538461538,0.3076923076923077,0.0,0.0384615384615384,0.0384615384615384,0.0,0.1538461538461538,0.0384615384615384,0.5856098986588344,0.0384615384615384,0.12,0.0833333333333333,0.8375,2,1.0,1.0,0.1875,0.9921402335166932,5.325028541847132e-05,0.6296296296296297,True,True,0.2757162545802838,True,0.5769230769230769
AGWKNTFGNVGPKVKKGAGGILGQMGLAGK,30,5.0,0.3666666666666666,2942.495,0,0.3,0.0666666666666666,0.0333333333333333,0.3,0.0,0.1666666666666666,0.1666666666666666,0.0,0.1333333333333333,0.1666666666666666,0.7428232859975007,0.0666666666666666,0.1034482758620689,0.0357142857142857,0.6477777777777778,1,0.8,0.7777777777777778,0.0555555555555555,0.953775942325592,0.0001605504075996,0.4333333333333333,True,True,0.27566581356652675,True,0.4
AGPLGPQGKPGLAGLK,16,2.0,0.3125,1460.735,0,0.3125,0.0,0.1875,0.3125,0.0,0.125,0.125,0.0,0.0625,0.125,0.5622575108206647,0.0625,0.1333333333333333,0.0714285714285714,0.86,1,1.0,1.0,0.3,0.9873213768005372,0.0001564940903335,0.625,True,True,0.275229952758574,True,0.4375
AKGEAGANGAKGPPGQALEAGKAGLTGC,28,1.0,0.3214285714285714,2481.765,1,0.2857142857142857,0.0,0.0714285714285714,0.2857142857142857,0.0,0.1071428571428571,0.1071428571428571,0.0714285714285714,0.1071428571428571,0.0357142857142857,0.6627297230399034,0.0714285714285714,0.1111111111111111,0.0769230769230769,0.7340277777777777,2,0.8888888888888888,0.875,0.125,0.9915111660957336,0.0001611516490811,0.5357142857142857,True,True,0.2749153958592591,True,0.5
AAGAAGAVGKSGPPGSRGPW,20,2.0,0.35,1750.925,0,0.3,0.05,0.15,0.3,0.05,0.05,0.1,0.0,0.1,0.1,0.6081112152120378,0.1,0.1052631578947368,0.1111111111111111,0.8500000000000001,2,1.0,1.0,0.25,0.968390703201294,0.0001261847501154,0.6,True,True,0.27441364358184717,True,0.45
GLSGKPGAIGKAVLPGKHGL,20,4.0,0.35,1857.225,0,0.3,0.0,0.1,0.3,0.0,0.15,0.2,0.0,0.05,0.2,0.6642754186148696,0.05,0.1578947368421052,0.0555555555555555,0.7154761904761905,0,0.8571428571428571,0.8333333333333334,0.1666666666666666,0.9760444164276124,0.0005091773928143,0.5,True,True,0.27269462029863667,True,0.55
AGLPGKIGPLGASG,14,1.0,0.3571428571428571,1194.385,0,0.3571428571428571,0.0,0.1428571428571428,0.3571428571428571,0.0,0.0714285714285714,0.0714285714285714,0.0,0.0714285714285714,0.0714285714285714,0.5899041824906338,0.0714285714285714,0.0769230769230769,0.0833333333333333,0.8500000000000001,1,1.0,1.0,0.25,0.9853670597076416,2.871864307962824e-05,0.6428571428571429,True,True,0.2718609165814544,True,0.4666666666666667
